prompt_id,objetivo,nivel,dias_por_semana,rango_peso,peso_kg,altura_cm,edad,sexo,lesiones,equipamiento,objetivo_nutricional,entregables
RAG-VOL-INI-3D-LIVIANO,Volumen,Inicial,3,liviano,60,165,35,masculino/femenino,sin lesiones reportadas,"gimnasio completo: máquinas, poleas, barras, mancuernas, banco, cardio",superavit_controlado,"rutina_texto,dieta_texto,json_rutina_dieta,pdf_rutina,pdf_dieta"
RAG-VOL-INI-3D-MEDIO,Volumen,Inicial,3,medio,78,172,40,masculino/femenino,sin lesiones reportadas,"gimnasio completo: máquinas, poleas, barras, mancuernas, banco, cardio",superavit_controlado,"rutina_texto,dieta_texto,json_rutina_dieta,pdf_rutina,pdf_dieta"
RAG-VOL-INI-3D-ALTO,Volumen,Inicial,3,alto,95,176,49,masculino/femenino,sin lesiones reportadas,"gimnasio completo: máquinas, poleas, barras, mancuernas, banco, cardio",superavit_controlado,"rutina_texto,dieta_texto,json_rutina_dieta,pdf_rutina,pdf_dieta"
RAG-VOL-INI-4D-LIVIANO,Volumen,Inicial,4,liviano,60,165,35,masculino/femenino,sin lesiones reportadas,"gimnasio completo: máquinas, poleas, barras, mancuernas, banco, cardio",superavit_controlado,"rutina_texto,dieta_texto,json_rutina_dieta,pdf_rutina,pdf_dieta"
RAG-VOL-INI-4D-MEDIO,Volumen,Inicial,4,medio,78,172,40,masculino/femenino,sin lesiones reportadas,"gimnasio completo: máquinas, poleas, barras, mancuernas, banco, cardio",superavit_controlado,"rutina_texto,dieta_texto,json_rutina_dieta,pdf_rutina,pdf_dieta"
RAG-VOL-INI-4D-ALTO,Volumen,Inicial,4,alto,95,176,49,masculino/femenino,sin lesiones reportadas,"gimnasio completo: máquinas, poleas, barras, mancuernas, banco, cardio",superavit_controlado,"rutina_texto,dieta_texto,json_rutina_dieta,pdf_rutina,pdf_dieta"
RAG-VOL-INI-5D-LIVIANO,Volumen,Inicial,5,liviano,60,165,35,masculino/femenino,sin lesiones reportadas,"gimnasio completo: máquinas, poleas, barras, mancuernas, banco, cardio",superavit_controlado,"rutina_texto,dieta_texto,json_rutina_dieta,pdf_rutina,pdf_dieta"
RAG-VOL-INI-5D-MEDIO,Volumen,Inicial,5,medio,78,172,40,masculino/femenino,sin lesiones reportadas,"gimnasio completo: máquinas, poleas, barras, mancuernas, banco, cardio",superavit_controlado,"rutina_texto,dieta_texto,json_rutina_dieta,pdf_rutina,pdf_dieta"
RAG-VOL-INI-5D-ALTO,Volumen,Inicial,5,alto,95,176,49,masculino/femenino,sin lesiones reportadas,"gimnasio completo: máquinas, poleas, barras, mancuernas, banco, cardio",superavit_controlado,"rutina_texto,dieta_texto,json_rutina_dieta,pdf_rutina,pdf_dieta"
RAG-VOL-INI-6D-LIVIANO,Volumen,Inicial,6,liviano,60,165,35,masculino/femenino,sin lesiones reportadas,"gimnasio completo: máquinas, poleas, barras, mancuernas, banco, cardio",superavit_controlado,"rutina_texto,dieta_texto,json_rutina_dieta,pdf_rutina,pdf_dieta"
RAG-VOL-INI-6D-MEDIO,Volumen,Inicial,6,medio,78,172,40,masculino/femenino,sin lesiones reportadas,"gimnasio completo: máquinas, poleas, barras, mancuernas, banco, cardio",superavit_controlado,"rutina_texto,dieta_texto,json_rutina_dieta,pdf_rutina,pdf_dieta"
RAG-VOL-INI-6D-ALTO,Volumen,Inicial,6,alto,95,176,49,masculino/femenino,sin lesiones reportadas,"gimnasio completo: máquinas, poleas, barras, mancuernas, banco, cardio",superavit_controlado,"rutina_texto,dieta_texto,json_rutina_dieta,pdf_rutina,pdf_dieta"
RAG-VOL-INT-3D-LIVIANO,Volumen,Intermedio,3,liviano,60,165,35,masculino/femenino,sin lesiones reportadas,"gimnasio completo: máquinas, poleas, barras, mancuernas, banco, cardio",superavit_controlado,"rutina_texto,dieta_texto,json_rutina_dieta,pdf_rutina,pdf_dieta"
RAG-VOL-INT-3D-MEDIO,Volumen,Intermedio,3,medio,78,172,40,masculino/femenino,sin lesiones reportadas,"gimnasio completo: máquinas, poleas, barras, mancuernas, banco, cardio",superavit_controlado,"rutina_texto,dieta_texto,json_rutina_dieta,pdf_rutina,pdf_dieta"
RAG-VOL-INT-3D-ALTO,Volumen,Intermedio,3,alto,95,176,49,masculino/femenino,sin lesiones reportadas,"gimnasio completo: máquinas, poleas, barras, mancuernas, banco, cardio",superavit_controlado,"rutina_texto,dieta_texto,json_rutina_dieta,pdf_rutina,pdf_dieta"
RAG-VOL-INT-4D-LIVIANO,Volumen,Intermedio,4,liviano,60,165,35,masculino/femenino,sin lesiones reportadas,"gimnasio completo: máquinas, poleas, barras, mancuernas, banco, cardio",superavit_controlado,"rutina_texto,dieta_texto,json_rutina_dieta,pdf_rutina,pdf_dieta"
RAG-VOL-INT-4D-MEDIO,Volumen,Intermedio,4,medio,78,172,40,masculino/femenino,sin lesiones reportadas,"gimnasio completo: máquinas, poleas, barras, mancuernas, banco, cardio",superavit_controlado,"rutina_texto,dieta_texto,json_rutina_dieta,pdf_rutina,pdf_dieta"
RAG-VOL-INT-4D-ALTO,Volumen,Intermedio,4,alto,95,176,49,masculino/femenino,sin lesiones reportadas,"gimnasio completo: máquinas, poleas, barras, mancuernas, banco, cardio",superavit_controlado,"rutina_texto,dieta_texto,json_rutina_dieta,pdf_rutina,pdf_dieta"
RAG-VOL-INT-5D-LIVIANO,Volumen,Intermedio,5,liviano,60,165,35,masculino/femenino,sin lesiones reportadas,"gimnasio completo: máquinas, poleas, barras, mancuernas, banco, cardio",superavit_controlado,"rutina_texto,dieta_texto,json_rutina_dieta,pdf_rutina,pdf_dieta"
RAG-VOL-INT-5D-MEDIO,Volumen,Intermedio,5,medio,78,172,40,masculino/femenino,sin lesiones reportadas,"gimnasio completo: máquinas, poleas, barras, mancuernas, banco, cardio",superavit_controlado,"rutina_texto,dieta_texto,json_rutina_dieta,pdf_rutina,pdf_dieta"
RAG-VOL-INT-5D-ALTO,Volumen,Intermedio,5,alto,95,176,49,masculino/femenino,sin lesiones reportadas,"gimnasio completo: máquinas, poleas, barras, mancuernas, banco, cardio",superavit_controlado,"rutina_texto,dieta_texto,json_rutina_dieta,pdf_rutina,pdf_dieta"
RAG-VOL-INT-6D-LIVIANO,Volumen,Intermedio,6,liviano,60,165,35,masculino/femenino,sin lesiones reportadas,"gimnasio completo: máquinas, poleas, barras, mancuernas, banco, cardio",superavit_controlado,"rutina_texto,dieta_texto,json_rutina_dieta,pdf_rutina,pdf_dieta"
RAG-VOL-INT-6D-MEDIO,Volumen,Intermedio,6,medio,78,172,40,masculino/femenino,sin lesiones reportadas,"gimnasio completo: máquinas, poleas, barras, mancuernas, banco, cardio",superavit_controlado,"rutina_texto,dieta_texto,json_rutina_dieta,pdf_rutina,pdf_dieta"
RAG-VOL-INT-6D-ALTO,Volumen,Intermedio,6,alto,95,176,49,masculino/femenino,sin lesiones reportadas,"gimnasio completo: máquinas, poleas, barras, mancuernas, banco, cardio",superavit_controlado,"rutina_texto,dieta_texto,json_rutina_dieta,pdf_rutina,pdf_dieta"
RAG-VOL-AVA-3D-LIVIANO,Volumen,Avanzado,3,liviano,60,165,35,masculino/femenino,sin lesiones reportadas,"gimnasio completo: máquinas, poleas, barras, mancuernas, banco, cardio",superavit_controlado,"rutina_texto,dieta_texto,json_rutina_dieta,pdf_rutina,pdf_dieta"
RAG-VOL-AVA-3D-MEDIO,Volumen,Avanzado,3,medio,78,172,40,masculino/femenino,sin lesiones reportadas,"gimnasio completo: máquinas, poleas, barras, mancuernas, banco, cardio",superavit_controlado,"rutina_texto,dieta_texto,json_rutina_dieta,pdf_rutina,pdf_dieta"
RAG-VOL-AVA-3D-ALTO,Volumen,Avanzado,3,alto,95,176,49,masculino/femenino,sin lesiones reportadas,"gimnasio completo: máquinas, poleas, barras, mancuernas, banco, cardio",superavit_controlado,"rutina_texto,dieta_texto,json_rutina_dieta,pdf_rutina,pdf_dieta"
RAG-VOL-AVA-4D-LIVIANO,Volumen,Avanzado,4,liviano,60,165,35,masculino/femenino,sin lesiones reportadas,"gimnasio completo: máquinas, poleas, barras, mancuernas, banco, cardio",superavit_controlado,"rutina_texto,dieta_texto,json_rutina_dieta,pdf_rutina,pdf_dieta"
RAG-VOL-AVA-4D-MEDIO,Volumen,Avanzado,4,medio,78,172,40,masculino/femenino,sin lesiones reportadas,"gimnasio completo: máquinas, poleas, barras, mancuernas, banco, cardio",superavit_controlado,"rutina_texto,dieta_texto,json_rutina_dieta,pdf_rutina,pdf_dieta"
RAG-VOL-AVA-4D-ALTO,Volumen,Avanzado,4,alto,95,176,49,masculino/femenino,sin lesiones reportadas,"gimnasio completo: máquinas, poleas, barras, mancuernas, banco, cardio",superavit_controlado,"rutina_texto,dieta_texto,json_rutina_dieta,pdf_rutina,pdf_dieta"
RAG-VOL-AVA-5D-LIVIANO,Volumen,Avanzado,5,liviano,60,165,35,masculino/femenino,sin lesiones reportadas,"gimnasio completo: máquinas, poleas, barras, mancuernas, banco, cardio",superavit_controlado,"rutina_texto,dieta_texto,json_rutina_dieta,pdf_rutina,pdf_dieta"
RAG-VOL-AVA-5D-MEDIO,Volumen,Avanzado,5,medio,78,172,40,masculino/femenino,sin lesiones reportadas,"gimnasio completo: máquinas, poleas, barras, mancuernas, banco, cardio",superavit_controlado,"rutina_texto,dieta_texto,json_rutina_dieta,pdf_rutina,pdf_dieta"
RAG-VOL-AVA-5D-ALTO,Volumen,Avanzado,5,alto,95,176,49,masculino/femenino,sin lesiones reportadas,"gimnasio completo: máquinas, poleas, barras, mancuernas, banco, cardio",superavit_controlado,"rutina_texto,dieta_texto,json_rutina_dieta,pdf_rutina,pdf_dieta"
RAG-VOL-AVA-6D-LIVIANO,Volumen,Avanzado,6,liviano,60,165,35,masculino/femenino,sin lesiones reportadas,"gimnasio completo: máquinas, poleas, barras, mancuernas, banco, cardio",superavit_controlado,"rutina_texto,dieta_texto,json_rutina_dieta,pdf_rutina,pdf_dieta"
RAG-VOL-AVA-6D-MEDIO,Volumen,Avanzado,6,medio,78,172,40,masculino/femenino,sin lesiones reportadas,"gimnasio completo: máquinas, poleas, barras, mancuernas, banco, cardio",superavit_controlado,"rutina_texto,dieta_texto,json_rutina_dieta,pdf_rutina,pdf_dieta"
RAG-VOL-AVA-6D-ALTO,Volumen,Avanzado,6,alto,95,176,49,masculino/femenino,sin lesiones reportadas,"gimnasio completo: máquinas, poleas, barras, mancuernas, banco, cardio",superavit_controlado,"rutina_texto,dieta_texto,json_rutina_dieta,pdf_rutina,pdf_dieta"
RAG-DEF-INI-3D-LIVIANO,Definición,Inicial,3,liviano,60,165,35,masculino/femenino,sin lesiones reportadas,"gimnasio completo: máquinas, poleas, barras, mancuernas, banco, cardio",deficit_moderado_preservar_musculo,"rutina_texto,dieta_texto,json_rutina_dieta,pdf_rutina,pdf_dieta"
RAG-DEF-INI-3D-MEDIO,Definición,Inicial,3,medio,78,172,40,masculino/femenino,sin lesiones reportadas,"gimnasio completo: máquinas, poleas, barras, mancuernas, banco, cardio",deficit_moderado_preservar_musculo,"rutina_texto,dieta_texto,json_rutina_dieta,pdf_rutina,pdf_dieta"
RAG-DEF-INI-3D-ALTO,Definición,Inicial,3,alto,95,176,49,masculino/femenino,sin lesiones reportadas,"gimnasio completo: máquinas, poleas, barras, mancuernas, banco, cardio",deficit_moderado_preservar_musculo,"rutina_texto,dieta_texto,json_rutina_dieta,pdf_rutina,pdf_dieta"
RAG-DEF-INI-4D-LIVIANO,Definición,Inicial,4,liviano,60,165,35,masculino/femenino,sin lesiones reportadas,"gimnasio completo: máquinas, poleas, barras, mancuernas, banco, cardio",deficit_moderado_preservar_musculo,"rutina_texto,dieta_texto,json_rutina_dieta,pdf_rutina,pdf_dieta"
RAG-DEF-INI-4D-MEDIO,Definición,Inicial,4,medio,78,172,40,masculino/femenino,sin lesiones reportadas,"gimnasio completo: máquinas, poleas, barras, mancuernas, banco, cardio",deficit_moderado_preservar_musculo,"rutina_texto,dieta_texto,json_rutina_dieta,pdf_rutina,pdf_dieta"
RAG-DEF-INI-4D-ALTO,Definición,Inicial,4,alto,95,176,49,masculino/femenino,sin lesiones reportadas,"gimnasio completo: máquinas, poleas, barras, mancuernas, banco, cardio",deficit_moderado_preservar_musculo,"rutina_texto,dieta_texto,json_rutina_dieta,pdf_rutina,pdf_dieta"
RAG-DEF-INI-5D-LIVIANO,Definición,Inicial,5,liviano,60,165,35,masculino/femenino,sin lesiones reportadas,"gimnasio completo: máquinas, poleas, barras, mancuernas, banco, cardio",deficit_moderado_preservar_musculo,"rutina_texto,dieta_texto,json_rutina_dieta,pdf_rutina,pdf_dieta"
RAG-DEF-INI-5D-MEDIO,Definición,Inicial,5,medio,78,172,40,masculino/femenino,sin lesiones reportadas,"gimnasio completo: máquinas, poleas, barras, mancuernas, banco, cardio",deficit_moderado_preservar_musculo,"rutina_texto,dieta_texto,json_rutina_dieta,pdf_rutina,pdf_dieta"
RAG-DEF-INI-5D-ALTO,Definición,Inicial,5,alto,95,176,49,masculino/femenino,sin lesiones reportadas,"gimnasio completo: máquinas, poleas, barras, mancuernas, banco, cardio",deficit_moderado_preservar_musculo,"rutina_texto,dieta_texto,json_rutina_dieta,pdf_rutina,pdf_dieta"
RAG-DEF-INI-6D-LIVIANO,Definición,Inicial,6,liviano,60,165,35,masculino/femenino,sin lesiones reportadas,"gimnasio completo: máquinas, poleas, barras, mancuernas, banco, cardio",deficit_moderado_preservar_musculo,"rutina_texto,dieta_texto,json_rutina_dieta,pdf_rutina,pdf_dieta"
RAG-DEF-INI-6D-MEDIO,Definición,Inicial,6,medio,78,172,40,masculino/femenino,sin lesiones reportadas,"gimnasio completo: máquinas, poleas, barras, mancuernas, banco, cardio",deficit_moderado_preservar_musculo,"rutina_texto,dieta_texto,json_rutina_dieta,pdf_rutina,pdf_dieta"
RAG-DEF-INI-6D-ALTO,Definición,Inicial,6,alto,95,176,49,masculino/femenino,sin lesiones reportadas,"gimnasio completo: máquinas, poleas, barras, mancuernas, banco, cardio",deficit_moderado_preservar_musculo,"rutina_texto,dieta_texto,json_rutina_dieta,pdf_rutina,pdf_dieta"
RAG-DEF-INT-3D-LIVIANO,Definición,Intermedio,3,liviano,60,165,35,masculino/femenino,sin lesiones reportadas,"gimnasio completo: máquinas, poleas, barras, mancuernas, banco, cardio",deficit_moderado_preservar_musculo,"rutina_texto,dieta_texto,json_rutina_dieta,pdf_rutina,pdf_dieta"
RAG-DEF-INT-3D-MEDIO,Definición,Intermedio,3,medio,78,172,40,masculino/femenino,sin lesiones reportadas,"gimnasio completo: máquinas, poleas, barras, mancuernas, banco, cardio",deficit_moderado_preservar_musculo,"rutina_texto,dieta_texto,json_rutina_dieta,pdf_rutina,pdf_dieta"
RAG-DEF-INT-3D-ALTO,Definición,Intermedio,3,alto,95,176,49,masculino/femenino,sin lesiones reportadas,"gimnasio completo: máquinas, poleas, barras, mancuernas, banco, cardio",deficit_moderado_preservar_musculo,"rutina_texto,dieta_texto,json_rutina_dieta,pdf_rutina,pdf_dieta"
RAG-DEF-INT-4D-LIVIANO,Definición,Intermedio,4,liviano,60,165,35,masculino/femenino,sin lesiones reportadas,"gimnasio completo: máquinas, poleas, barras, mancuernas, banco, cardio",deficit_moderado_preservar_musculo,"rutina_texto,dieta_texto,json_rutina_dieta,pdf_rutina,pdf_dieta"
RAG-DEF-INT-4D-MEDIO,Definición,Intermedio,4,medio,78,172,40,masculino/femenino,sin lesiones reportadas,"gimnasio completo: máquinas, poleas, barras, mancuernas, banco, cardio",deficit_moderado_preservar_musculo,"rutina_texto,dieta_texto,json_rutina_dieta,pdf_rutina,pdf_dieta"
RAG-DEF-INT-4D-ALTO,Definición,Intermedio,4,alto,95,176,49,masculino/femenino,sin lesiones reportadas,"gimnasio completo: máquinas, poleas, barras, mancuernas, banco, cardio",deficit_moderado_preservar_musculo,"rutina_texto,dieta_texto,json_rutina_dieta,pdf_rutina,pdf_dieta"
RAG-DEF-INT-5D-LIVIANO,Definición,Intermedio,5,liviano,60,165,35,masculino/femenino,sin lesiones reportadas,"gimnasio completo: máquinas, poleas, barras, mancuernas, banco, cardio",deficit_moderado_preservar_musculo,"rutina_texto,dieta_texto,json_rutina_dieta,pdf_rutina,pdf_dieta"
RAG-DEF-INT-5D-MEDIO,Definición,Intermedio,5,medio,78,172,40,masculino/femenino,sin lesiones reportadas,"gimnasio completo: máquinas, poleas, barras, mancuernas, banco, cardio",deficit_moderado_preservar_musculo,"rutina_texto,dieta_texto,json_rutina_dieta,pdf_rutina,pdf_dieta"
RAG-DEF-INT-5D-ALTO,Definición,Intermedio,5,alto,95,176,49,masculino/femenino,sin lesiones reportadas,"gimnasio completo: máquinas, poleas, barras, mancuernas, banco, cardio",deficit_moderado_preservar_musculo,"rutina_texto,dieta_texto,json_rutina_dieta,pdf_rutina,pdf_dieta"
RAG-DEF-INT-6D-LIVIANO,Definición,Intermedio,6,liviano,60,165,35,masculino/femenino,sin lesiones reportadas,"gimnasio completo: máquinas, poleas, barras, mancuernas, banco, cardio",deficit_moderado_preservar_musculo,"rutina_texto,dieta_texto,json_rutina_dieta,pdf_rutina,pdf_dieta"
RAG-DEF-INT-6D-MEDIO,Definición,Intermedio,6,medio,78,172,40,masculino/femenino,sin lesiones reportadas,"gimnasio completo: máquinas, poleas, barras, mancuernas, banco, cardio",deficit_moderado_preservar_musculo,"rutina_texto,dieta_texto,json_rutina_dieta,pdf_rutina,pdf_dieta"
RAG-DEF-INT-6D-ALTO,Definición,Intermedio,6,alto,95,176,49,masculino/femenino,sin lesiones reportadas,"gimnasio completo: máquinas, poleas, barras, mancuernas, banco, cardio",deficit_moderado_preservar_musculo,"rutina_texto,dieta_texto,json_rutina_dieta,pdf_rutina,pdf_dieta"
RAG-DEF-AVA-3D-LIVIANO,Definición,Avanzado,3,liviano,60,165,35,masculino/femenino,sin lesiones reportadas,"gimnasio completo: máquinas, poleas, barras, mancuernas, banco, cardio",deficit_moderado_preservar_musculo,"rutina_texto,dieta_texto,json_rutina_dieta,pdf_rutina,pdf_dieta"
RAG-DEF-AVA-3D-MEDIO,Definición,Avanzado,3,medio,78,172,40,masculino/femenino,sin lesiones reportadas,"gimnasio completo: máquinas, poleas, barras, mancuernas, banco, cardio",deficit_moderado_preservar_musculo,"rutina_texto,dieta_texto,json_rutina_dieta,pdf_rutina,pdf_dieta"
RAG-DEF-AVA-3D-ALTO,Definición,Avanzado,3,alto,95,176,49,masculino/femenino,sin lesiones reportadas,"gimnasio completo: máquinas, poleas, barras, mancuernas, banco, cardio",deficit_moderado_preservar_musculo,"rutina_texto,dieta_texto,json_rutina_dieta,pdf_rutina,pdf_dieta"
RAG-DEF-AVA-4D-LIVIANO,Definición,Avanzado,4,liviano,60,165,35,masculino/femenino,sin lesiones reportadas,"gimnasio completo: máquinas, poleas, barras, mancuernas, banco, cardio",deficit_moderado_preservar_musculo,"rutina_texto,dieta_texto,json_rutina_dieta,pdf_rutina,pdf_dieta"
RAG-DEF-AVA-4D-MEDIO,Definición,Avanzado,4,medio,78,172,40,masculino/femenino,sin lesiones reportadas,"gimnasio completo: máquinas, poleas, barras, mancuernas, banco, cardio",deficit_moderado_preservar_musculo,"rutina_texto,dieta_texto,json_rutina_dieta,pdf_rutina,pdf_dieta"
RAG-DEF-AVA-4D-ALTO,Definición,Avanzado,4,alto,95,176,49,masculino/femenino,sin lesiones reportadas,"gimnasio completo: máquinas, poleas, barras, mancuernas, banco, cardio",deficit_moderado_preservar_musculo,"rutina_texto,dieta_texto,json_rutina_dieta,pdf_rutina,pdf_dieta"
RAG-DEF-AVA-5D-LIVIANO,Definición,Avanzado,5,liviano,60,165,35,masculino/femenino,sin lesiones reportadas,"gimnasio completo: máquinas, poleas, barras, mancuernas, banco, cardio",deficit_moderado_preservar_musculo,"rutina_texto,dieta_texto,json_rutina_dieta,pdf_rutina,pdf_dieta"
RAG-DEF-AVA-5D-MEDIO,Definición,Avanzado,5,medio,78,172,40,masculino/femenino,sin lesiones reportadas,"gimnasio completo: máquinas, poleas, barras, mancuernas, banco, cardio",deficit_moderado_preservar_musculo,"rutina_texto,dieta_texto,json_rutina_dieta,pdf_rutina,pdf_dieta"
RAG-DEF-AVA-5D-ALTO,Definición,Avanzado,5,alto,95,176,49,masculino/femenino,sin lesiones reportadas,"gimnasio completo: máquinas, poleas, barras, mancuernas, banco, cardio",deficit_moderado_preservar_musculo,"rutina_texto,dieta_texto,json_rutina_dieta,pdf_rutina,pdf_dieta"
RAG-DEF-AVA-6D-LIVIANO,Definición,Avanzado,6,liviano,60,165,35,masculino/femenino,sin lesiones reportadas,"gimnasio completo: máquinas, poleas, barras, mancuernas, banco, cardio",deficit_moderado_preservar_musculo,"rutina_texto,dieta_texto,json_rutina_dieta,pdf_rutina,pdf_dieta"
RAG-DEF-AVA-6D-MEDIO,Definición,Avanzado,6,medio,78,172,40,masculino/femenino,sin lesiones reportadas,"gimnasio completo: máquinas, poleas, barras, mancuernas, banco, cardio",deficit_moderado_preservar_musculo,"rutina_texto,dieta_texto,json_rutina_dieta,pdf_rutina,pdf_dieta"
RAG-DEF-AVA-6D-ALTO,Definición,Avanzado,6,alto,95,176,49,masculino/femenino,sin lesiones reportadas,"gimnasio completo: máquinas, poleas, barras, mancuernas, banco, cardio",deficit_moderado_preservar_musculo,"rutina_texto,dieta_texto,json_rutina_dieta,pdf_rutina,pdf_dieta"
RAG-BPE-INI-3D-LIVIANO,Bajar de peso,Inicial,3,liviano,60,165,35,masculino/femenino,sin lesiones reportadas,"gimnasio completo: máquinas, poleas, barras, mancuernas, banco, cardio",deficit_sostenible_adherencia,"rutina_texto,dieta_texto,json_rutina_dieta,pdf_rutina,pdf_dieta"
RAG-BPE-INI-3D-MEDIO,Bajar de peso,Inicial,3,medio,78,172,40,masculino/femenino,sin lesiones reportadas,"gimnasio completo: máquinas, poleas, barras, mancuernas, banco, cardio",deficit_sostenible_adherencia,"rutina_texto,dieta_texto,json_rutina_dieta,pdf_rutina,pdf_dieta"
RAG-BPE-INI-3D-ALTO,Bajar de peso,Inicial,3,alto,95,176,49,masculino/femenino,sin lesiones reportadas,"gimnasio completo: máquinas, poleas, barras, mancuernas, banco, cardio",deficit_sostenible_adherencia,"rutina_texto,dieta_texto,json_rutina_dieta,pdf_rutina,pdf_dieta"
RAG-BPE-INI-4D-LIVIANO,Bajar de peso,Inicial,4,liviano,60,165,35,masculino/femenino,sin lesiones reportadas,"gimnasio completo: máquinas, poleas, barras, mancuernas, banco, cardio",deficit_sostenible_adherencia,"rutina_texto,dieta_texto,json_rutina_dieta,pdf_rutina,pdf_dieta"
RAG-BPE-INI-4D-MEDIO,Bajar de peso,Inicial,4,medio,78,172,40,masculino/femenino,sin lesiones reportadas,"gimnasio completo: máquinas, poleas, barras, mancuernas, banco, cardio",deficit_sostenible_adherencia,"rutina_texto,dieta_texto,json_rutina_dieta,pdf_rutina,pdf_dieta"
RAG-BPE-INI-4D-ALTO,Bajar de peso,Inicial,4,alto,95,176,49,masculino/femenino,sin lesiones reportadas,"gimnasio completo: máquinas, poleas, barras, mancuernas, banco, cardio",deficit_sostenible_adherencia,"rutina_texto,dieta_texto,json_rutina_dieta,pdf_rutina,pdf_dieta"
RAG-BPE-INI-5D-LIVIANO,Bajar de peso,Inicial,5,liviano,60,165,35,masculino/femenino,sin lesiones reportadas,"gimnasio completo: máquinas, poleas, barras, mancuernas, banco, cardio",deficit_sostenible_adherencia,"rutina_texto,dieta_texto,json_rutina_dieta,pdf_rutina,pdf_dieta"
RAG-BPE-INI-5D-MEDIO,Bajar de peso,Inicial,5,medio,78,172,40,masculino/femenino,sin lesiones reportadas,"gimnasio completo: máquinas, poleas, barras, mancuernas, banco, cardio",deficit_sostenible_adherencia,"rutina_texto,dieta_texto,json_rutina_dieta,pdf_rutina,pdf_dieta"
RAG-BPE-INI-5D-ALTO,Bajar de peso,Inicial,5,alto,95,176,49,masculino/femenino,sin lesiones reportadas,"gimnasio completo: máquinas, poleas, barras, mancuernas, banco, cardio",deficit_sostenible_adherencia,"rutina_texto,dieta_texto,json_rutina_dieta,pdf_rutina,pdf_dieta"
RAG-BPE-INI-6D-LIVIANO,Bajar de peso,Inicial,6,liviano,60,165,35,masculino/femenino,sin lesiones reportadas,"gimnasio completo: máquinas, poleas, barras, mancuernas, banco, cardio",deficit_sostenible_adherencia,"rutina_texto,dieta_texto,json_rutina_dieta,pdf_rutina,pdf_dieta"
RAG-BPE-INI-6D-MEDIO,Bajar de peso,Inicial,6,medio,78,172,40,masculino/femenino,sin lesiones reportadas,"gimnasio completo: máquinas, poleas, barras, mancuernas, banco, cardio",deficit_sostenible_adherencia,"rutina_texto,dieta_texto,json_rutina_dieta,pdf_rutina,pdf_dieta"
RAG-BPE-INI-6D-ALTO,Bajar de peso,Inicial,6,alto,95,176,49,masculino/femenino,sin lesiones reportadas,"gimnasio completo: máquinas, poleas, barras, mancuernas, banco, cardio",deficit_sostenible_adherencia,"rutina_texto,dieta_texto,json_rutina_dieta,pdf_rutina,pdf_dieta"
RAG-BPE-INT-3D-LIVIANO,Bajar de peso,Intermedio,3,liviano,60,165,35,masculino/femenino,sin lesiones reportadas,"gimnasio completo: máquinas, poleas, barras, mancuernas, banco, cardio",deficit_sostenible_adherencia,"rutina_texto,dieta_texto,json_rutina_dieta,pdf_rutina,pdf_dieta"
RAG-BPE-INT-3D-MEDIO,Bajar de peso,Intermedio,3,medio,78,172,40,masculino/femenino,sin lesiones reportadas,"gimnasio completo: máquinas, poleas, barras, mancuernas, banco, cardio",deficit_sostenible_adherencia,"rutina_texto,dieta_texto,json_rutina_dieta,pdf_rutina,pdf_dieta"
RAG-BPE-INT-3D-ALTO,Bajar de peso,Intermedio,3,alto,95,176,49,masculino/femenino,sin lesiones reportadas,"gimnasio completo: máquinas, poleas, barras, mancuernas, banco, cardio",deficit_sostenible_adherencia,"rutina_texto,dieta_texto,json_rutina_dieta,pdf_rutina,pdf_dieta"
RAG-BPE-INT-4D-LIVIANO,Bajar de peso,Intermedio,4,liviano,60,165,35,masculino/femenino,sin lesiones reportadas,"gimnasio completo: máquinas, poleas, barras, mancuernas, banco, cardio",deficit_sostenible_adherencia,"rutina_texto,dieta_texto,json_rutina_dieta,pdf_rutina,pdf_dieta"
RAG-BPE-INT-4D-MEDIO,Bajar de peso,Intermedio,4,medio,78,172,40,masculino/femenino,sin lesiones reportadas,"gimnasio completo: máquinas, poleas, barras, mancuernas, banco, cardio",deficit_sostenible_adherencia,"rutina_texto,dieta_texto,json_rutina_dieta,pdf_rutina,pdf_dieta"
RAG-BPE-INT-4D-ALTO,Bajar de peso,Intermedio,4,alto,95,176,49,masculino/femenino,sin lesiones reportadas,"gimnasio completo: máquinas, poleas, barras, mancuernas, banco, cardio",deficit_sostenible_adherencia,"rutina_texto,dieta_texto,json_rutina_dieta,pdf_rutina,pdf_dieta"
RAG-BPE-INT-5D-LIVIANO,Bajar de peso,Intermedio,5,liviano,60,165,35,masculino/femenino,sin lesiones reportadas,"gimnasio completo: máquinas, poleas, barras, mancuernas, banco, cardio",deficit_sostenible_adherencia,"rutina_texto,dieta_texto,json_rutina_dieta,pdf_rutina,pdf_dieta"
RAG-BPE-INT-5D-MEDIO,Bajar de peso,Intermedio,5,medio,78,172,40,masculino/femenino,sin lesiones reportadas,"gimnasio completo: máquinas, poleas, barras, mancuernas, banco, cardio",deficit_sostenible_adherencia,"rutina_texto,dieta_texto,json_rutina_dieta,pdf_rutina,pdf_dieta"
RAG-BPE-INT-5D-ALTO,Bajar de peso,Intermedio,5,alto,95,176,49,masculino/femenino,sin lesiones reportadas,"gimnasio completo: máquinas, poleas, barras, mancuernas, banco, cardio",deficit_sostenible_adherencia,"rutina_texto,dieta_texto,json_rutina_dieta,pdf_rutina,pdf_dieta"
RAG-BPE-INT-6D-LIVIANO,Bajar de peso,Intermedio,6,liviano,60,165,35,masculino/femenino,sin lesiones reportadas,"gimnasio completo: máquinas, poleas, barras, mancuernas, banco, cardio",deficit_sostenible_adherencia,"rutina_texto,dieta_texto,json_rutina_dieta,pdf_rutina,pdf_dieta"
RAG-BPE-INT-6D-MEDIO,Bajar de peso,Intermedio,6,medio,78,172,40,masculino/femenino,sin lesiones reportadas,"gimnasio completo: máquinas, poleas, barras, mancuernas, banco, cardio",deficit_sostenible_adherencia,"rutina_texto,dieta_texto,json_rutina_dieta,pdf_rutina,pdf_dieta"
RAG-BPE-INT-6D-ALTO,Bajar de peso,Intermedio,6,alto,95,176,49,masculino/femenino,sin lesiones reportadas,"gimnasio completo: máquinas, poleas, barras, mancuernas, banco, cardio",deficit_sostenible_adherencia,"rutina_texto,dieta_texto,json_rutina_dieta,pdf_rutina,pdf_dieta"
RAG-BPE-AVA-3D-LIVIANO,Bajar de peso,Avanzado,3,liviano,60,165,35,masculino/femenino,sin lesiones reportadas,"gimnasio completo: máquinas, poleas, barras, mancuernas, banco, cardio",deficit_sostenible_adherencia,"rutina_texto,dieta_texto,json_rutina_dieta,pdf_rutina,pdf_dieta"
RAG-BPE-AVA-3D-MEDIO,Bajar de peso,Avanzado,3,medio,78,172,40,masculino/femenino,sin lesiones reportadas,"gimnasio completo: máquinas, poleas, barras, mancuernas, banco, cardio",deficit_sostenible_adherencia,"rutina_texto,dieta_texto,json_rutina_dieta,pdf_rutina,pdf_dieta"
RAG-BPE-AVA-3D-ALTO,Bajar de peso,Avanzado,3,alto,95,176,49,masculino/femenino,sin lesiones reportadas,"gimnasio completo: máquinas, poleas, barras, mancuernas, banco, cardio",deficit_sostenible_adherencia,"rutina_texto,dieta_texto,json_rutina_dieta,pdf_rutina,pdf_dieta"
RAG-BPE-AVA-4D-LIVIANO,Bajar de peso,Avanzado,4,liviano,60,165,35,masculino/femenino,sin lesiones reportadas,"gimnasio completo: máquinas, poleas, barras, mancuernas, banco, cardio",deficit_sostenible_adherencia,"rutina_texto,dieta_texto,json_rutina_dieta,pdf_rutina,pdf_dieta"
RAG-BPE-AVA-4D-MEDIO,Bajar de peso,Avanzado,4,medio,78,172,40,masculino/femenino,sin lesiones reportadas,"gimnasio completo: máquinas, poleas, barras, mancuernas, banco, cardio",deficit_sostenible_adherencia,"rutina_texto,dieta_texto,json_rutina_dieta,pdf_rutina,pdf_dieta"
RAG-BPE-AVA-4D-ALTO,Bajar de peso,Avanzado,4,alto,95,176,49,masculino/femenino,sin lesiones reportadas,"gimnasio completo: máquinas, poleas, barras, mancuernas, banco, cardio",deficit_sostenible_adherencia,"rutina_texto,dieta_texto,json_rutina_dieta,pdf_rutina,pdf_dieta"
RAG-BPE-AVA-5D-LIVIANO,Bajar de peso,Avanzado,5,liviano,60,165,35,masculino/femenino,sin lesiones reportadas,"gimnasio completo: máquinas, poleas, barras, mancuernas, banco, cardio",deficit_sostenible_adherencia,"rutina_texto,dieta_texto,json_rutina_dieta,pdf_rutina,pdf_dieta"
RAG-BPE-AVA-5D-MEDIO,Bajar de peso,Avanzado,5,medio,78,172,40,masculino/femenino,sin lesiones reportadas,"gimnasio completo: máquinas, poleas, barras, mancuernas, banco, cardio",deficit_sostenible_adherencia,"rutina_texto,dieta_texto,json_rutina_dieta,pdf_rutina,pdf_dieta"
RAG-BPE-AVA-5D-ALTO,Bajar de peso,Avanzado,5,alto,95,176,49,masculino/femenino,sin lesiones reportadas,"gimnasio completo: máquinas, poleas, barras, mancuernas, banco, cardio",deficit_sostenible_adherencia,"rutina_texto,dieta_texto,json_rutina_dieta,pdf_rutina,pdf_dieta"
RAG-BPE-AVA-6D-LIVIANO,Bajar de peso,Avanzado,6,liviano,60,165,35,masculino/femenino,sin lesiones reportadas,"gimnasio completo: máquinas, poleas, barras, mancuernas, banco, cardio",deficit_sostenible_adherencia,"rutina_texto,dieta_texto,json_rutina_dieta,pdf_rutina,pdf_dieta"
RAG-BPE-AVA-6D-MEDIO,Bajar de peso,Avanzado,6,medio,78,172,40,masculino/femenino,sin lesiones reportadas,"gimnasio completo: máquinas, poleas, barras, mancuernas, banco, cardio",deficit_sostenible_adherencia,"rutina_texto,dieta_texto,json_rutina_dieta,pdf_rutina,pdf_dieta"
RAG-BPE-AVA-6D-ALTO,Bajar de peso,Avanzado,6,alto,95,176,49,masculino/femenino,sin lesiones reportadas,"gimnasio completo: máquinas, poleas, barras, mancuernas, banco, cardio",deficit_sostenible_adherencia,"rutina_texto,dieta_texto,json_rutina_dieta,pdf_rutina,pdf_dieta"
RAG-FUE-INI-3D-LIVIANO,Aumentar fuerza,Inicial,3,liviano,60,165,35,masculino/femenino,sin lesiones reportadas,"gimnasio completo: máquinas, poleas, barras, mancuernas, banco, cardio",energia_rendimiento_fuerza,"rutina_texto,dieta_texto,json_rutina_dieta,pdf_rutina,pdf_dieta"
RAG-FUE-INI-3D-MEDIO,Aumentar fuerza,Inicial,3,medio,78,172,40,masculino/femenino,sin lesiones reportadas,"gimnasio completo: máquinas, poleas, barras, mancuernas, banco, cardio",energia_rendimiento_fuerza,"rutina_texto,dieta_texto,json_rutina_dieta,pdf_rutina,pdf_dieta"
RAG-FUE-INI-3D-ALTO,Aumentar fuerza,Inicial,3,alto,95,176,49,masculino/femenino,sin lesiones reportadas,"gimnasio completo: máquinas, poleas, barras, mancuernas, banco, cardio",energia_rendimiento_fuerza,"rutina_texto,dieta_texto,json_rutina_dieta,pdf_rutina,pdf_dieta"
RAG-FUE-INI-4D-LIVIANO,Aumentar fuerza,Inicial,4,liviano,60,165,35,masculino/femenino,sin lesiones reportadas,"gimnasio completo: máquinas, poleas, barras, mancuernas, banco, cardio",energia_rendimiento_fuerza,"rutina_texto,dieta_texto,json_rutina_dieta,pdf_rutina,pdf_dieta"
RAG-FUE-INI-4D-MEDIO,Aumentar fuerza,Inicial,4,medio,78,172,40,masculino/femenino,sin lesiones reportadas,"gimnasio completo: máquinas, poleas, barras, mancuernas, banco, cardio",energia_rendimiento_fuerza,"rutina_texto,dieta_texto,json_rutina_dieta,pdf_rutina,pdf_dieta"
RAG-FUE-INI-4D-ALTO,Aumentar fuerza,Inicial,4,alto,95,176,49,masculino/femenino,sin lesiones reportadas,"gimnasio completo: máquinas, poleas, barras, mancuernas, banco, cardio",energia_rendimiento_fuerza,"rutina_texto,dieta_texto,json_rutina_dieta,pdf_rutina,pdf_dieta"
RAG-FUE-INI-5D-LIVIANO,Aumentar fuerza,Inicial,5,liviano,60,165,35,masculino/femenino,sin lesiones reportadas,"gimnasio completo: máquinas, poleas, barras, mancuernas, banco, cardio",energia_rendimiento_fuerza,"rutina_texto,dieta_texto,json_rutina_dieta,pdf_rutina,pdf_dieta"
RAG-FUE-INI-5D-MEDIO,Aumentar fuerza,Inicial,5,medio,78,172,40,masculino/femenino,sin lesiones reportadas,"gimnasio completo: máquinas, poleas, barras, mancuernas, banco, cardio",energia_rendimiento_fuerza,"rutina_texto,dieta_texto,json_rutina_dieta,pdf_rutina,pdf_dieta"
RAG-FUE-INI-5D-ALTO,Aumentar fuerza,Inicial,5,alto,95,176,49,masculino/femenino,sin lesiones reportadas,"gimnasio completo: máquinas, poleas, barras, mancuernas, banco, cardio",energia_rendimiento_fuerza,"rutina_texto,dieta_texto,json_rutina_dieta,pdf_rutina,pdf_dieta"
RAG-FUE-INI-6D-LIVIANO,Aumentar fuerza,Inicial,6,liviano,60,165,35,masculino/femenino,sin lesiones reportadas,"gimnasio completo: máquinas, poleas, barras, mancuernas, banco, cardio",energia_rendimiento_fuerza,"rutina_texto,dieta_texto,json_rutina_dieta,pdf_rutina,pdf_dieta"
RAG-FUE-INI-6D-MEDIO,Aumentar fuerza,Inicial,6,medio,78,172,40,masculino/femenino,sin lesiones reportadas,"gimnasio completo: máquinas, poleas, barras, mancuernas, banco, cardio",energia_rendimiento_fuerza,"rutina_texto,dieta_texto,json_rutina_dieta,pdf_rutina,pdf_dieta"
RAG-FUE-INI-6D-ALTO,Aumentar fuerza,Inicial,6,alto,95,176,49,masculino/femenino,sin lesiones reportadas,"gimnasio completo: máquinas, poleas, barras, mancuernas, banco, cardio",energia_rendimiento_fuerza,"rutina_texto,dieta_texto,json_rutina_dieta,pdf_rutina,pdf_dieta"
RAG-FUE-INT-3D-LIVIANO,Aumentar fuerza,Intermedio,3,liviano,60,165,35,masculino/femenino,sin lesiones reportadas,"gimnasio completo: máquinas, poleas, barras, mancuernas, banco, cardio",energia_rendimiento_fuerza,"rutina_texto,dieta_texto,json_rutina_dieta,pdf_rutina,pdf_dieta"
RAG-FUE-INT-3D-MEDIO,Aumentar fuerza,Intermedio,3,medio,78,172,40,masculino/femenino,sin lesiones reportadas,"gimnasio completo: máquinas, poleas, barras, mancuernas, banco, cardio",energia_rendimiento_fuerza,"rutina_texto,dieta_texto,json_rutina_dieta,pdf_rutina,pdf_dieta"
RAG-FUE-INT-3D-ALTO,Aumentar fuerza,Intermedio,3,alto,95,176,49,masculino/femenino,sin lesiones reportadas,"gimnasio completo: máquinas, poleas, barras, mancuernas, banco, cardio",energia_rendimiento_fuerza,"rutina_texto,dieta_texto,json_rutina_dieta,pdf_rutina,pdf_dieta"
RAG-FUE-INT-4D-LIVIANO,Aumentar fuerza,Intermedio,4,liviano,60,165,35,masculino/femenino,sin lesiones reportadas,"gimnasio completo: máquinas, poleas, barras, mancuernas, banco, cardio",energia_rendimiento_fuerza,"rutina_texto,dieta_texto,json_rutina_dieta,pdf_rutina,pdf_dieta"
RAG-FUE-INT-4D-MEDIO,Aumentar fuerza,Intermedio,4,medio,78,172,40,masculino/femenino,sin lesiones reportadas,"gimnasio completo: máquinas, poleas, barras, mancuernas, banco, cardio",energia_rendimiento_fuerza,"rutina_texto,dieta_texto,json_rutina_dieta,pdf_rutina,pdf_dieta"
RAG-FUE-INT-4D-ALTO,Aumentar fuerza,Intermedio,4,alto,95,176,49,masculino/femenino,sin lesiones reportadas,"gimnasio completo: máquinas, poleas, barras, mancuernas, banco, cardio",energia_rendimiento_fuerza,"rutina_texto,dieta_texto,json_rutina_dieta,pdf_rutina,pdf_dieta"
RAG-FUE-INT-5D-LIVIANO,Aumentar fuerza,Intermedio,5,liviano,60,165,35,masculino/femenino,sin lesiones reportadas,"gimnasio completo: máquinas, poleas, barras, mancuernas, banco, cardio",energia_rendimiento_fuerza,"rutina_texto,dieta_texto,json_rutina_dieta,pdf_rutina,pdf_dieta"
RAG-FUE-INT-5D-MEDIO,Aumentar fuerza,Intermedio,5,medio,78,172,40,masculino/femenino,sin lesiones reportadas,"gimnasio completo: máquinas, poleas, barras, mancuernas, banco, cardio",energia_rendimiento_fuerza,"rutina_texto,dieta_texto,json_rutina_dieta,pdf_rutina,pdf_dieta"
RAG-FUE-INT-5D-ALTO,Aumentar fuerza,Intermedio,5,alto,95,176,49,masculino/femenino,sin lesiones reportadas,"gimnasio completo: máquinas, poleas, barras, mancuernas, banco, cardio",energia_rendimiento_fuerza,"rutina_texto,dieta_texto,json_rutina_dieta,pdf_rutina,pdf_dieta"
RAG-FUE-INT-6D-LIVIANO,Aumentar fuerza,Intermedio,6,liviano,60,165,35,masculino/femenino,sin lesiones reportadas,"gimnasio completo: máquinas, poleas, barras, mancuernas, banco, cardio",energia_rendimiento_fuerza,"rutina_texto,dieta_texto,json_rutina_dieta,pdf_rutina,pdf_dieta"
RAG-FUE-INT-6D-MEDIO,Aumentar fuerza,Intermedio,6,medio,78,172,40,masculino/femenino,sin lesiones reportadas,"gimnasio completo: máquinas, poleas, barras, mancuernas, banco, cardio",energia_rendimiento_fuerza,"rutina_texto,dieta_texto,json_rutina_dieta,pdf_rutina,pdf_dieta"
RAG-FUE-INT-6D-ALTO,Aumentar fuerza,Intermedio,6,alto,95,176,49,masculino/femenino,sin lesiones reportadas,"gimnasio completo: máquinas, poleas, barras, mancuernas, banco, cardio",energia_rendimiento_fuerza,"rutina_texto,dieta_texto,json_rutina_dieta,pdf_rutina,pdf_dieta"
RAG-FUE-AVA-3D-LIVIANO,Aumentar fuerza,Avanzado,3,liviano,60,165,35,masculino/femenino,sin lesiones reportadas,"gimnasio completo: máquinas, poleas, barras, mancuernas, banco, cardio",energia_rendimiento_fuerza,"rutina_texto,dieta_texto,json_rutina_dieta,pdf_rutina,pdf_dieta"
RAG-FUE-AVA-3D-MEDIO,Aumentar fuerza,Avanzado,3,medio,78,172,40,masculino/femenino,sin lesiones reportadas,"gimnasio completo: máquinas, poleas, barras, mancuernas, banco, cardio",energia_rendimiento_fuerza,"rutina_texto,dieta_texto,json_rutina_dieta,pdf_rutina,pdf_dieta"
RAG-FUE-AVA-3D-ALTO,Aumentar fuerza,Avanzado,3,alto,95,176,49,masculino/femenino,sin lesiones reportadas,"gimnasio completo: máquinas, poleas, barras, mancuernas, banco, cardio",energia_rendimiento_fuerza,"rutina_texto,dieta_texto,json_rutina_dieta,pdf_rutina,pdf_dieta"
RAG-FUE-AVA-4D-LIVIANO,Aumentar fuerza,Avanzado,4,liviano,60,165,35,masculino/femenino,sin lesiones reportadas,"gimnasio completo: máquinas, poleas, barras, mancuernas, banco, cardio",energia_rendimiento_fuerza,"rutina_texto,dieta_texto,json_rutina_dieta,pdf_rutina,pdf_dieta"
RAG-FUE-AVA-4D-MEDIO,Aumentar fuerza,Avanzado,4,medio,78,172,40,masculino/femenino,sin lesiones reportadas,"gimnasio completo: máquinas, poleas, barras, mancuernas, banco, cardio",energia_rendimiento_fuerza,"rutina_texto,dieta_texto,json_rutina_dieta,pdf_rutina,pdf_dieta"
RAG-FUE-AVA-4D-ALTO,Aumentar fuerza,Avanzado,4,alto,95,176,49,masculino/femenino,sin lesiones reportadas,"gimnasio completo: máquinas, poleas, barras, mancuernas, banco, cardio",energia_rendimiento_fuerza,"rutina_texto,dieta_texto,json_rutina_dieta,pdf_rutina,pdf_dieta"
RAG-FUE-AVA-5D-LIVIANO,Aumentar fuerza,Avanzado,5,liviano,60,165,35,masculino/femenino,sin lesiones reportadas,"gimnasio completo: máquinas, poleas, barras, mancuernas, banco, cardio",energia_rendimiento_fuerza,"rutina_texto,dieta_texto,json_rutina_dieta,pdf_rutina,pdf_dieta"
RAG-FUE-AVA-5D-MEDIO,Aumentar fuerza,Avanzado,5,medio,78,172,40,masculino/femenino,sin lesiones reportadas,"gimnasio completo: máquinas, poleas, barras, mancuernas, banco, cardio",energia_rendimiento_fuerza,"rutina_texto,dieta_texto,json_rutina_dieta,pdf_rutina,pdf_dieta"
RAG-FUE-AVA-5D-ALTO,Aumentar fuerza,Avanzado,5,alto,95,176,49,masculino/femenino,sin lesiones reportadas,"gimnasio completo: máquinas, poleas, barras, mancuernas, banco, cardio",energia_rendimiento_fuerza,"rutina_texto,dieta_texto,json_rutina_dieta,pdf_rutina,pdf_dieta"
RAG-FUE-AVA-6D-LIVIANO,Aumentar fuerza,Avanzado,6,liviano,60,165,35,masculino/femenino,sin lesiones reportadas,"gimnasio completo: máquinas, poleas, barras, mancuernas, banco, cardio",energia_rendimiento_fuerza,"rutina_texto,dieta_texto,json_rutina_dieta,pdf_rutina,pdf_dieta"
RAG-FUE-AVA-6D-MEDIO,Aumentar fuerza,Avanzado,6,medio,78,172,40,masculino/femenino,sin lesiones reportadas,"gimnasio completo: máquinas, poleas, barras, mancuernas, banco, cardio",energia_rendimiento_fuerza,"rutina_texto,dieta_texto,json_rutina_dieta,pdf_rutina,pdf_dieta"
RAG-FUE-AVA-6D-ALTO,Aumentar fuerza,Avanzado,6,alto,95,176,49,masculino/femenino,sin lesiones reportadas,"gimnasio completo: máquinas, poleas, barras, mancuernas, banco, cardio",energia_rendimiento_fuerza,"rutina_texto,dieta_texto,json_rutina_dieta,pdf_rutina,pdf_dieta"
RAG-RES-INI-3D-LIVIANO,Mejorar resistencia,Inicial,3,liviano,60,165,35,masculino/femenino,sin lesiones reportadas,"gimnasio completo: máquinas, poleas, barras, mancuernas, banco, cardio",rendimiento_resistencia_recuperacion,"rutina_texto,dieta_texto,json_rutina_dieta,pdf_rutina,pdf_dieta"
RAG-RES-INI-3D-MEDIO,Mejorar resistencia,Inicial,3,medio,78,172,40,masculino/femenino,sin lesiones reportadas,"gimnasio completo: máquinas, poleas, barras, mancuernas, banco, cardio",rendimiento_resistencia_recuperacion,"rutina_texto,dieta_texto,json_rutina_dieta,pdf_rutina,pdf_dieta"
RAG-RES-INI-3D-ALTO,Mejorar resistencia,Inicial,3,alto,95,176,49,masculino/femenino,sin lesiones reportadas,"gimnasio completo: máquinas, poleas, barras, mancuernas, banco, cardio",rendimiento_resistencia_recuperacion,"rutina_texto,dieta_texto,json_rutina_dieta,pdf_rutina,pdf_dieta"
RAG-RES-INI-4D-LIVIANO,Mejorar resistencia,Inicial,4,liviano,60,165,35,masculino/femenino,sin lesiones reportadas,"gimnasio completo: máquinas, poleas, barras, mancuernas, banco, cardio",rendimiento_resistencia_recuperacion,"rutina_texto,dieta_texto,json_rutina_dieta,pdf_rutina,pdf_dieta"
RAG-RES-INI-4D-MEDIO,Mejorar resistencia,Inicial,4,medio,78,172,40,masculino/femenino,sin lesiones reportadas,"gimnasio completo: máquinas, poleas, barras, mancuernas, banco, cardio",rendimiento_resistencia_recuperacion,"rutina_texto,dieta_texto,json_rutina_dieta,pdf_rutina,pdf_dieta"
RAG-RES-INI-4D-ALTO,Mejorar resistencia,Inicial,4,alto,95,176,49,masculino/femenino,sin lesiones reportadas,"gimnasio completo: máquinas, poleas, barras, mancuernas, banco, cardio",rendimiento_resistencia_recuperacion,"rutina_texto,dieta_texto,json_rutina_dieta,pdf_rutina,pdf_dieta"
RAG-RES-INI-5D-LIVIANO,Mejorar resistencia,Inicial,5,liviano,60,165,35,masculino/femenino,sin lesiones reportadas,"gimnasio completo: máquinas, poleas, barras, mancuernas, banco, cardio",rendimiento_resistencia_recuperacion,"rutina_texto,dieta_texto,json_rutina_dieta,pdf_rutina,pdf_dieta"
RAG-RES-INI-5D-MEDIO,Mejorar resistencia,Inicial,5,medio,78,172,40,masculino/femenino,sin lesiones reportadas,"gimnasio completo: máquinas, poleas, barras, mancuernas, banco, cardio",rendimiento_resistencia_recuperacion,"rutina_texto,dieta_texto,json_rutina_dieta,pdf_rutina,pdf_dieta"
RAG-RES-INI-5D-ALTO,Mejorar resistencia,Inicial,5,alto,95,176,49,masculino/femenino,sin lesiones reportadas,"gimnasio completo: máquinas, poleas, barras, mancuernas, banco, cardio",rendimiento_resistencia_recuperacion,"rutina_texto,dieta_texto,json_rutina_dieta,pdf_rutina,pdf_dieta"
RAG-RES-INI-6D-LIVIANO,Mejorar resistencia,Inicial,6,liviano,60,165,35,masculino/femenino,sin lesiones reportadas,"gimnasio completo: máquinas, poleas, barras, mancuernas, banco, cardio",rendimiento_resistencia_recuperacion,"rutina_texto,dieta_texto,json_rutina_dieta,pdf_rutina,pdf_dieta"
RAG-RES-INI-6D-MEDIO,Mejorar resistencia,Inicial,6,medio,78,172,40,masculino/femenino,sin lesiones reportadas,"gimnasio completo: máquinas, poleas, barras, mancuernas, banco, cardio",rendimiento_resistencia_recuperacion,"rutina_texto,dieta_texto,json_rutina_dieta,pdf_rutina,pdf_dieta"
RAG-RES-INI-6D-ALTO,Mejorar resistencia,Inicial,6,alto,95,176,49,masculino/femenino,sin lesiones reportadas,"gimnasio completo: máquinas, poleas, barras, mancuernas, banco, cardio",rendimiento_resistencia_recuperacion,"rutina_texto,dieta_texto,json_rutina_dieta,pdf_rutina,pdf_dieta"
RAG-RES-INT-3D-LIVIANO,Mejorar resistencia,Intermedio,3,liviano,60,165,35,masculino/femenino,sin lesiones reportadas,"gimnasio completo: máquinas, poleas, barras, mancuernas, banco, cardio",rendimiento_resistencia_recuperacion,"rutina_texto,dieta_texto,json_rutina_dieta,pdf_rutina,pdf_dieta"
RAG-RES-INT-3D-MEDIO,Mejorar resistencia,Intermedio,3,medio,78,172,40,masculino/femenino,sin lesiones reportadas,"gimnasio completo: máquinas, poleas, barras, mancuernas, banco, cardio",rendimiento_resistencia_recuperacion,"rutina_texto,dieta_texto,json_rutina_dieta,pdf_rutina,pdf_dieta"
RAG-RES-INT-3D-ALTO,Mejorar resistencia,Intermedio,3,alto,95,176,49,masculino/femenino,sin lesiones reportadas,"gimnasio completo: máquinas, poleas, barras, mancuernas, banco, cardio",rendimiento_resistencia_recuperacion,"rutina_texto,dieta_texto,json_rutina_dieta,pdf_rutina,pdf_dieta"
RAG-RES-INT-4D-LIVIANO,Mejorar resistencia,Intermedio,4,liviano,60,165,35,masculino/femenino,sin lesiones reportadas,"gimnasio completo: máquinas, poleas, barras, mancuernas, banco, cardio",rendimiento_resistencia_recuperacion,"rutina_texto,dieta_texto,json_rutina_dieta,pdf_rutina,pdf_dieta"
RAG-RES-INT-4D-MEDIO,Mejorar resistencia,Intermedio,4,medio,78,172,40,masculino/femenino,sin lesiones reportadas,"gimnasio completo: máquinas, poleas, barras, mancuernas, banco, cardio",rendimiento_resistencia_recuperacion,"rutina_texto,dieta_texto,json_rutina_dieta,pdf_rutina,pdf_dieta"
RAG-RES-INT-4D-ALTO,Mejorar resistencia,Intermedio,4,alto,95,176,49,masculino/femenino,sin lesiones reportadas,"gimnasio completo: máquinas, poleas, barras, mancuernas, banco, cardio",rendimiento_resistencia_recuperacion,"rutina_texto,dieta_texto,json_rutina_dieta,pdf_rutina,pdf_dieta"
RAG-RES-INT-5D-LIVIANO,Mejorar resistencia,Intermedio,5,liviano,60,165,35,masculino/femenino,sin lesiones reportadas,"gimnasio completo: máquinas, poleas, barras, mancuernas, banco, cardio",rendimiento_resistencia_recuperacion,"rutina_texto,dieta_texto,json_rutina_dieta,pdf_rutina,pdf_dieta"
RAG-RES-INT-5D-MEDIO,Mejorar resistencia,Intermedio,5,medio,78,172,40,masculino/femenino,sin lesiones reportadas,"gimnasio completo: máquinas, poleas, barras, mancuernas, banco, cardio",rendimiento_resistencia_recuperacion,"rutina_texto,dieta_texto,json_rutina_dieta,pdf_rutina,pdf_dieta"
RAG-RES-INT-5D-ALTO,Mejorar resistencia,Intermedio,5,alto,95,176,49,masculino/femenino,sin lesiones reportadas,"gimnasio completo: máquinas, poleas, barras, mancuernas, banco, cardio",rendimiento_resistencia_recuperacion,"rutina_texto,dieta_texto,json_rutina_dieta,pdf_rutina,pdf_dieta"
RAG-RES-INT-6D-LIVIANO,Mejorar resistencia,Intermedio,6,liviano,60,165,35,masculino/femenino,sin lesiones reportadas,"gimnasio completo: máquinas, poleas, barras, mancuernas, banco, cardio",rendimiento_resistencia_recuperacion,"rutina_texto,dieta_texto,json_rutina_dieta,pdf_rutina,pdf_dieta"
RAG-RES-INT-6D-MEDIO,Mejorar resistencia,Intermedio,6,medio,78,172,40,masculino/femenino,sin lesiones reportadas,"gimnasio completo: máquinas, poleas, barras, mancuernas, banco, cardio",rendimiento_resistencia_recuperacion,"rutina_texto,dieta_texto,json_rutina_dieta,pdf_rutina,pdf_dieta"
RAG-RES-INT-6D-ALTO,Mejorar resistencia,Intermedio,6,alto,95,176,49,masculino/femenino,sin lesiones reportadas,"gimnasio completo: máquinas, poleas, barras, mancuernas, banco, cardio",rendimiento_resistencia_recuperacion,"rutina_texto,dieta_texto,json_rutina_dieta,pdf_rutina,pdf_dieta"
RAG-RES-AVA-3D-LIVIANO,Mejorar resistencia,Avanzado,3,liviano,60,165,35,masculino/femenino,sin lesiones reportadas,"gimnasio completo: máquinas, poleas, barras, mancuernas, banco, cardio",rendimiento_resistencia_recuperacion,"rutina_texto,dieta_texto,json_rutina_dieta,pdf_rutina,pdf_dieta"
RAG-RES-AVA-3D-MEDIO,Mejorar resistencia,Avanzado,3,medio,78,172,40,masculino/femenino,sin lesiones reportadas,"gimnasio completo: máquinas, poleas, barras, mancuernas, banco, cardio",rendimiento_resistencia_recuperacion,"rutina_texto,dieta_texto,json_rutina_dieta,pdf_rutina,pdf_dieta"
RAG-RES-AVA-3D-ALTO,Mejorar resistencia,Avanzado,3,alto,95,176,49,masculino/femenino,sin lesiones reportadas,"gimnasio completo: máquinas, poleas, barras, mancuernas, banco, cardio",rendimiento_resistencia_recuperacion,"rutina_texto,dieta_texto,json_rutina_dieta,pdf_rutina,pdf_dieta"
RAG-RES-AVA-4D-LIVIANO,Mejorar resistencia,Avanzado,4,liviano,60,165,35,masculino/femenino,sin lesiones reportadas,"gimnasio completo: máquinas, poleas, barras, mancuernas, banco, cardio",rendimiento_resistencia_recuperacion,"rutina_texto,dieta_texto,json_rutina_dieta,pdf_rutina,pdf_dieta"
RAG-RES-AVA-4D-MEDIO,Mejorar resistencia,Avanzado,4,medio,78,172,40,masculino/femenino,sin lesiones reportadas,"gimnasio completo: máquinas, poleas, barras, mancuernas, banco, cardio",rendimiento_resistencia_recuperacion,"rutina_texto,dieta_texto,json_rutina_dieta,pdf_rutina,pdf_dieta"
RAG-RES-AVA-4D-ALTO,Mejorar resistencia,Avanzado,4,alto,95,176,49,masculino/femenino,sin lesiones reportadas,"gimnasio completo: máquinas, poleas, barras, mancuernas, banco, cardio",rendimiento_resistencia_recuperacion,"rutina_texto,dieta_texto,json_rutina_dieta,pdf_rutina,pdf_dieta"
RAG-RES-AVA-5D-LIVIANO,Mejorar resistencia,Avanzado,5,liviano,60,165,35,masculino/femenino,sin lesiones reportadas,"gimnasio completo: máquinas, poleas, barras, mancuernas, banco, cardio",rendimiento_resistencia_recuperacion,"rutina_texto,dieta_texto,json_rutina_dieta,pdf_rutina,pdf_dieta"
RAG-RES-AVA-5D-MEDIO,Mejorar resistencia,Avanzado,5,medio,78,172,40,masculino/femenino,sin lesiones reportadas,"gimnasio completo: máquinas, poleas, barras, mancuernas, banco, cardio",rendimiento_resistencia_recuperacion,"rutina_texto,dieta_texto,json_rutina_dieta,pdf_rutina,pdf_dieta"
RAG-RES-AVA-5D-ALTO,Mejorar resistencia,Avanzado,5,alto,95,176,49,masculino/femenino,sin lesiones reportadas,"gimnasio completo: máquinas, poleas, barras, mancuernas, banco, cardio",rendimiento_resistencia_recuperacion,"rutina_texto,dieta_texto,json_rutina_dieta,pdf_rutina,pdf_dieta"
RAG-RES-AVA-6D-LIVIANO,Mejorar resistencia,Avanzado,6,liviano,60,165,35,masculino/femenino,sin lesiones reportadas,"gimnasio completo: máquinas, poleas, barras, mancuernas, banco, cardio",rendimiento_resistencia_recuperacion,"rutina_texto,dieta_texto,json_rutina_dieta,pdf_rutina,pdf_dieta"
RAG-RES-AVA-6D-MEDIO,Mejorar resistencia,Avanzado,6,medio,78,172,40,masculino/femenino,sin lesiones reportadas,"gimnasio completo: máquinas, poleas, barras, mancuernas, banco, cardio",rendimiento_resistencia_recuperacion,"rutina_texto,dieta_texto,json_rutina_dieta,pdf_rutina,pdf_dieta"
RAG-RES-AVA-6D-ALTO,Mejorar resistencia,Avanzado,6,alto,95,176,49,masculino/femenino,sin lesiones reportadas,"gimnasio completo: máquinas, poleas, barras, mancuernas, banco, cardio",rendimiento_resistencia_recuperacion,"rutina_texto,dieta_texto,json_rutina_dieta,pdf_rutina,pdf_dieta"
